name,email
luis hernandez,luis.hernandez94@hotmail.com
ana vargas,ana.vargas8@gmail.com
juan lopez,juan.lopez6@gmail.com
pedro gomez,pedro.gomez39@yahoo.com
ana vargas,ana.vargas27@yahoo.com
elena gomez,elena.gomez6@gmail.com
ana torres,ana.torres56@gmail.com
pedro fernandez,pedro.fernandez19@gmail.com
luis gomez,luis.gomez3@gmail.com
luis vargas,luis.vargas23@gmail.com
juan rodriguez,juan.rodriguez43@hotmail.com
elena rodriguez,elena.rodriguez33@gmail.com
ana gomez,ana.gomez28@gmail.com
lucia perez,lucia.perez71@gmail.com
carlos rodriguez,carlos.rodriguez35@gmail.com
lucia martinez,lucia.martinez83@yahoo.com
pedro hernandez,pedro.hernandez82@yahoo.com
sofia lopez,sofia.lopez24@yahoo.com
sofia perez,sofia.perez49@hotmail.com
luis gomez,luis.gomez27@gmail.com
carlos martinez,carlos.martinez9@gmail.com
pedro ramirez,pedro.ramirez68@gmail.com
elena gomez,elena.gomez26@yahoo.com
miguel perez,miguel.perez40@yahoo.com
juan perez,juan.perez55@gmail.com
miguel ramirez,miguel.ramirez44@yahoo.com
juan torres,juan.torres98@yahoo.com
sofia torres,sofia.torres81@gmail.com
maria perez,maria.perez51@yahoo.com
ana vargas,ana.vargas19@yahoo.com
carlos perez,carlos.perez4@hotmail.com
miguel ramirez,miguel.ramirez21@gmail.com
juan fernandez,juan.fernandez20@gmail.com
miguel lopez,miguel.lopez2@hotmail.com
maria gomez,maria.gomez73@gmail.com
lucia ramirez,lucia.ramirez90@hotmail.com
maria perez,maria.perez58@gmail.com
pedro torres,pedro.torres43@yahoo.com
carlos martinez,carlos.martinez7@yahoo.com
sofia martinez,sofia.martinez69@yahoo.com
carlos torres,carlos.torres92@hotmail.com
carlos vargas,carlos.vargas68@gmail.com
maria rodriguez,maria.rodriguez42@hotmail.com
luis martinez,luis.martinez57@gmail.com
miguel fernandez,miguel.fernandez59@gmail.com
lucia torres,lucia.torres82@yahoo.com
lucia gomez,lucia.gomez77@hotmail.com
elena torres,elena.torres2@gmail.com
miguel ramirez,miguel.ramirez4@yahoo.com
elena hernandez,elena.hernandez44@hotmail.com
sofia gomez,sofia.gomez30@yahoo.com
elena rodriguez,elena.rodriguez70@gmail.com
maria hernandez,maria.hernandez71@gmail.com
lucia perez,lucia.perez65@hotmail.com
ana hernandez,ana.hernandez87@yahoo.com
pedro lopez,pedro.lopez67@yahoo.com
juan martinez,juan.martinez20@gmail.com
sofia perez,sofia.perez60@gmail.com
juan lopez,juan.lopez57@gmail.com
luis lopez,luis.lopez39@yahoo.com
lucia vargas,lucia.vargas75@yahoo.com
luis vargas,luis.vargas35@gmail.com
miguel gomez,miguel.gomez35@gmail.com
pedro torres,pedro.torres17@gmail.com
lucia fernandez,lucia.fernandez20@gmail.com
miguel hernandez,miguel.hernandez77@hotmail.com
maria fernandez,maria.fernandez84@yahoo.com
miguel martinez,miguel.martinez15@hotmail.com
maria fernandez,maria.fernandez62@yahoo.com
elena hernandez,elena.hernandez93@yahoo.com
elena perez,elena.perez82@yahoo.com
ana rodriguez,ana.rodriguez78@hotmail.com
elena hernandez,elena.hernandez74@yahoo.com
ana hernandez,ana.hernandez50@hotmail.com
carlos gomez,carlos.gomez52@yahoo.com
juan torres,juan.torres5@hotmail.com
luis perez,luis.perez47@hotmail.com
pedro rodriguez,pedro.rodriguez88@gmail.com
elena hernandez,elena.hernandez31@yahoo.com
ana martinez,ana.martinez67@gmail.com
carlos gomez,carlos.gomez42@yahoo.com
pedro torres,pedro.torres96@yahoo.com
sofia vargas,sofia.vargas42@gmail.com
ana vargas,ana.vargas16@hotmail.com
maria torres,maria.torres24@hotmail.com
pedro fernandez,pedro.fernandez64@gmail.com
sofia fernandez,sofia.fernandez3@gmail.com
sofia ramirez,sofia.ramirez15@hotmail.com
elena perez,elena.perez47@hotmail.com
ana gomez,ana.gomez64@hotmail.com
sofia hernandez,sofia.hernandez47@yahoo.com
maria rodriguez,maria.rodriguez25@gmail.com
carlos gomez,carlos.gomez79@gmail.com
miguel vargas,miguel.vargas99@gmail.com
carlos torres,carlos.torres9@hotmail.com
ana ramirez,ana.ramirez94@yahoo.com
luis ramirez,luis.ramirez26@yahoo.com
sofia perez,sofia.perez71@hotmail.com
maria ramirez,maria.ramirez12@gmail.com
