id_document,full_name,address,phone_number,email
149186547,angel daniel,usns davis fpo ap 78518,(873)222-2692x09480,rmiller@boyer.com
475925688,matthew wilson,42023 barrett path suite 281 jeremyborough oh 72889,(264)225-7425,matthew15@ramirez.com
112231541,jennifer phelps,392 smith corners apt. 737 east angeltown mo 64086,248.695.2117,echristian@hotmail.com
708283326,jonathan cook,657 landry way suite 966 robinsonfurt ca 22461,0756633727,zjones@yahoo.com
959234562,lindsay garcia,906 justin locks apt. 838 port timothyview ar 68865,001-158-358-0277,juliamatthews@carpenter.com
243553915,eric klein,0571 carroll cliffs davisstad wi 00721,9179003714,acostajoshua@hotmail.com
7005498,ashley adams,660 marcus camp suite 262 port stevenmouth nc 10819,(224)273-1751x2329,elambert@cook.info
724330039,meghan nguyen,259 jared manor brownville az 52844,767.278.8207,hhughes@randolph-ingram.com
643387222,ryan richards,695 francis cliffs port bryantown vt 33873,001-398-345-1521x215,phillipcarter@hotmail.com
215716832,janice alexander,81268 hamilton fort fitzgeraldfort id 71489,+1-411-073-0697x704,matthew55@leach-blackburn.com
92651576,katherine dunn,837 schneider spur suite 656 darrellmouth wi 33323,6081126986,golson@davis.info
724488250,brett odom,952 barbara turnpike jacquelinebury mo 71346,550.725.0901,colemanjames@chavez.info
265881315,jenna scott,unit 1694 box 1865 dpo ae 26667,404-358-1223x371,rogerseric@hotmail.com
401149568,andrew johns,62457 booth mews apt. 453 lake vincentport de 49208,894-499-5852x2479,lorinelson@hotmail.com
778029406,christine curtis,2480 jesse unions suite 534 east antonioshire ms 71510,554.861.0493x592,christopherferguson@acevedo-robertson.info
307805784,madison jones,usns ferguson fpo ap 50263,149.766.5747,wattsdavid@morgan-wheeler.com
484837788,tracy simmons,76775 jennifer orchard apt. 758 port lance nh 53890,0383343588,bryan30@williams.com
962795476,shelby wolf,613 billy radial suite 171 south benjamin wy 15230,7506854443,daniel46@gmail.com
965030358,kyle jackson,24896 helen rapid suite 758 new joseph mn 97017,001-392-237-6541x8420,pwheeler@yahoo.com
644042817,linda shepard,4947 reynolds islands kathleenburgh de 96988,2931087130,munozcharles@yahoo.com
689720635,kathleen brady,unit 6453 box 5308 dpo aa 48049,2253893664,victoria31@gmail.com
800125157,bobby luna,2923 michael fords suite 316 dustinton in 31032,001-549-919-1859,kathryn43@hotmail.com
268619593,richard lopez,6875 hill forks teresaland al 58910,+1-418-560-8033x44588,justinallen@quinn.info
625774276,ralph bush,03975 mills square apt. 322 port claudia mi 34792,+1-866-778-9252x6524,bradleyamy@doyle.com
569906245,david webb,3613 laura ridges suite 762 south theresa va 98493,993.305.1410,stevenrodriguez@gmail.com
328037408,kim russell,887 kelley walk apt. 960 east martha ct 59649,001-136-251-3102x24346,cindy11@wood.com
969677194,michael holt,3499 david lake suite 745 south dylan ak 03041,882-041-3572,rmiller@hubbard-benitez.com
796337665,mr. justin cook,unit 9907 box 4757 dpo ae 46640,737.675.5823,ofritz@richards.com
636808209,timothy wood,836 bates points port andrewshire ga 83721,001-948-037-6474,christina78@yahoo.com
975617669,yolanda hines,812 mccarthy viaduct apt. 376 kristinamouth al 43563,(659)333-4905,cscott@hotmail.com
569390187,jasmine kelly,697 reynolds dam apt. 423 jacobland mo 89387,843-277-1394,fitzgeraldelizabeth@yahoo.com
325459789,robert smith,unit 2774 box 4368 dpo ae 01041,001-595-596-1706x9253,smithtimothy@wallace.com
325603096,jonathan smith,322 smith pines suite 052 lake scotthaven nm 11543,796.397.5185x7448,debragriffin@hotmail.com
819212515,erin marshall,04382 edward mountains suite 369 georgeberg me 94518,793.145.6997x893,sethsmith@robinson.com
444056964,mark ford,07900 friedman ferry suite 170 south christina wv 53142,+1-407-009-2402,millerricardo@hotmail.com
717643055,cynthia lee,368 jones estates apt. 059 jonesstad ny 59968,+1-822-188-2029x6929,christinaflores@jones.org
30122773,sean hood,7426 middleton hill suite 303 millerview co 23232,+1-348-069-6954x792,cynthiaevans@hernandez.com
622536043,kim stephens,12967 ryan shoals apt. 994 port jesse mo 86007,(092)586-3570x54204,karen28@johnson.com
747822485,adam mckinney,572 tammy forest youngside sd 92567,813.559.4153x962,fwilliams@lewis-wu.org
857630459,valerie brown,2739 hood rest apt. 962 johnburgh ut 27169,869.591.7228,qmcgee@gmail.com
204909440,jason pace,19964 edwards pines south jeremystad az 79080,001-517-371-6236x2223,tjohnson@yahoo.com
241114561,gregory anderson,5395 brandon freeway apt. 858 north melissa or 60184,+1-282-173-3048x555,julie98@cortez.com
494808313,rebecca avila,78969 mcguire springs suite 562 port christopher nj 29478,773.248.1617,pwilson@sanchez.com
315164793,morgan leon,853 virginia cape suite 757 wilsonport sc 89614,001-853-081-5933x565,miranda94@yahoo.com
505327194,fernando hunt,9609 conner track apt. 859 kristenberg md 40765,5863279231,abigailkelly@johnson.net
892962448,jason luna,204 laura hill craigland ok 08760,600.123.2569x570,rodriguezrhonda@yahoo.com
394523505,gregory howell,036 tyler groves suite 302 danielsfurt wv 45483,213-496-7129x11054,david12@young.org
763963140,miguel sharp md,47921 johnson expressway suite 742 oliviaport pa 16931,001-600-899-5324,sgeorge@ramos-acevedo.net
594590875,stephanie acosta,7067 henderson knoll joshuashire nj 84213,001-365-629-8075x05840,joshuahenderson@pierce-ramos.com
25832528,julia davis,0246 brown roads suite 606 north luisburgh wi 38462,674-440-7862,barkerbrent@berg-dougherty.com
97866586,amy woods,247 sheila centers north troybury wa 43836,2338512573,paul38@byrd.info
79987146,julie dunn,758 ruth mall briggstown ma 48538,883-656-1878x6532,melissawebb@gmail.com
520620439,nicole mcdonald,7229 michelle forges suite 411 hardyview vt 06858,+1-692-758-5774x3951,frederickmarshall@evans.biz
260613460,jennifer mendoza,11916 katherine creek kathleenport nd 68479,203-605-2009x1103,susanchapman@gmail.com
511962082,rachel fisher,38507 newman loop suite 268 tommyberg ut 25108,650-424-8808,bgarcia@johnson.org
527088924,jorge thomas,013 tabitha cliff stevenmouth nj 04089,921-668-1704x3013,jason19@yahoo.com
181982363,robert hicks,1639 delacruz park east linda dc 18242,(335)290-8992,powelllarry@hotmail.com
87147005,terry watson,0047 lori square east josechester ks 29146,(426)053-2668,kaiserwilliam@hotmail.com
623072602,carlos wood,53828 laura spurs lauraville de 53316,440-516-4972x0722,hillwilliam@hotmail.com
729577216,richard weiss,316 robert dam north christina ma 15552,521-212-3209x2220,carla37@gmail.com
696739719,sarah clark,04967 nguyen circle suite 871 lake andrea ny 87021,853.981.8171,wsanchez@christian.com
520971718,briana wu,534 campbell view sandersland fl 59798,(177)732-3856x95766,rachelsmith@frey.com
785949232,raven jordan,6132 spencer corner apt. 383 lake loriberg ma 96874,001-870-036-3211,rayalexa@yahoo.com
519768710,angelica gibbs,68574 coleman villages suite 522 north erikaton ca 83413,+1-378-867-9488x99135,yarnold@smith-bruce.com
64271785,tammy jacobs,57458 collier junctions suite 288 lake nicholas ct 00530,227.597.0062,scottroger@gmail.com
357901640,michael evans,921 ramirez mount new anthonyville nd 52047,6777129275,steven80@yahoo.com
830210363,tony pham,unit 3715 box 5620 dpo aa 18266,001-094-782-5703,kendrapena@yahoo.com
696962875,miss carrie underwood,usnv morris fpo aa 49085,0792914312,amy45@hotmail.com
896950954,ryan russell,70003 tiffany drives robertchester ia 05998,001-266-212-7928x22281,michael78@walters.com
196811583,kimberly bennett,70851 daniel station apt. 975 hernandezton il 77476,(083)724-9058x016,smithmichelle@gmail.com
893866597,joshua neal,1324 william glens new jenniferland il 16679,001-256-341-5493x0374,wheelerbrandon@hotmail.com
291010345,robert rodriguez,9483 patricia greens suite 612 west daniel ct 37484,562-175-6225x4306,steven70@gmail.com
915064128,blake ford,933 casey court apt. 193 lake douglas al 33325,276-740-5323x764,wrightsally@hotmail.com
11426912,chad garcia,195 rollins land suite 478 north angelastad in 84674,(530)211-7419,john27@schaefer.com
174039328,autumn webb,198 frazier branch suite 399 south sharon ar 75490,907-357-6151x4325,davidreed@hotmail.com
565067343,elizabeth singleton,87020 horton valleys rodriguezfurt wv 03348,173.672.3805,jeffreyhahn@dawson-myers.biz
333387701,sarah thompson,unit 0218 box 2805 dpo aa 08015,+1-444-121-3206x307,williamchavez@yahoo.com
355405632,sarah martin,5963 strong points lake kayla sc 51830,406-810-6283,earllee@gmail.com
71585472,pamela herrera,3416 gregory rapids suite 629 north nicolehaven il 93329,539.557.9029,cardenasthomas@yahoo.com
708960117,shannon horn,usns buchanan fpo aa 82885,(297)388-2854,brian88@pitts-bush.com
626043010,christopher edwards,32230 jeffery via apt. 616 west tanya wa 77567,(204)535-1285x920,pmcclain@castro-humphrey.com
326481119,brandon hester,0169 summers vista west stuart ut 98685,836.687.2362x166,huertatracie@yahoo.com
599800533,mariah jackson,558 bryan isle new raymond al 55316,(382)120-4674,eperry@wilson.com
492953650,carol lawson,747 miller point georgeton ut 90920,783.291.2840,joneskelsey@hotmail.com
573712035,heather collins,7878 nelson stravenue new jacob ne 62801,+1-960-564-8502x177,thomashansen@hotmail.com
56103750,joshua delgado,741 morgan underpass south sheila il 16740,101-802-6501x00181,greenbrandon@gmail.com
867865303,jerry greene,60823 lauren wall apt. 074 new kellyside mi 21097,(703)649-5080x4789,jay56@white-wiggins.com
355813998,connor wagner,506 brandy rapid dawsonberg ri 42470,0195959907,haley03@boyd-harris.com
118434130,marcia randolph,327 roberts neck gonzalezshire wa 18952,508.559.9292,huntrussell@smith.com
779362405,john price,psc 5622 box 3709 apo aa 38900,546-202-9331x88558,daniel62@powell.com
499561637,bill hopkins,54675 matthew key torresstad me 64087,288-662-8572,briannaweeks@gmail.com
179287266,ryan harrison,66252 trevor harbor apt. 887 lake ambertown tn 81820,001-320-723-6362x5909,carrie64@hotmail.com
667230218,donald young,223 dawson mall suite 571 smithburgh ms 75952,929-112-6985x483,stanleyhall@hotmail.com
311310607,louis gilbert,530 brown corner thompsontown wv 70738,461.203.7672x451,pgreene@hotmail.com
319413369,marcus martin,psc 6227 box 1600 apo ap 14578,+1-071-678-3536x79738,jamesjenkins@harmon-randall.com
861461933,sharon ingram,132 vargas turnpike danielbury de 40715,270.214.8473x8548,seanbishop@yahoo.com
61660425,kyle martinez,uss greene fpo aa 26511,676-110-6562x32575,haleronald@vargas-hernandez.info
603449840,elizabeth rodriguez,3551 rodriguez port apt. 808 lake charles wi 24322,(677)161-5260x6354,kathyrodriguez@thompson.biz
917844640,christopher gomez,875 jennifer oval suite 067 west phillipmouth il 91337,001-066-886-7181x1777,marcus34@hotmail.com
843106189,brian morton,431 rodriguez estate suite 894 new christopherview tn 74616,+1-352-961-6835x0739,garnold@bender-caldwell.com
